{
	"format_version": "1.10.0",
	"particle_effect": {
		"description": {
			"identifier": "roguelike:spark",
			"basic_render_parameters": {
				"material": "particles_blend",
				"texture": "b.a:particles/spark.png"
			}
		},
		"components": {
			"minecraft:emitter_initialization": {
				"creation_expression": "variable.size = 1;variable.speed = 2;"
			},
			"minecraft:emitter_rate_steady": {
				"spawn_rate": 15,
				"max_particles": 400
			},
			"minecraft:emitter_lifetime_looping": {
				"active_time": 1
			},
			"minecraft:emitter_shape_point": {
				"offset": ["math.sin(variable.emitter_age * 360) * variable.size", 0, "math.cos(variable.emitter_age * 360) * variable.size"],
				"direction": [0, 1, 0]
			},
			"minecraft:particle_lifetime_expression": {
				"max_lifetime": 2.3
			},
			"minecraft:particle_initial_spin": {
				"rotation": 1
			},
			"minecraft:particle_initial_speed": "variable.speed",
			"minecraft:particle_motion_dynamic": {
				"linear_acceleration": [0, "variable.speed", 0]
			},
			"minecraft:particle_appearance_billboard": {
				"size": [0.25, 0.25],
				"facing_camera_mode": "rotate_xyz",
				"uv": {
					"texture_width": 16,
					"texture_height": 64,
					"flipbook": {
						"base_UV": [0, 0],
						"size_UV": [16, 16],
						"step_UV": [0, 16],
						"frames_per_second": 15,
						"max_frame": 4,
						"loop": true
					}
				}
			},
			"minecraft:particle_motion_collision": {},
			"minecraft:particle_appearance_tinting": {
				"color": {
					"interpolant": "variable.particle_age / variable.particle_lifetime",
					"gradient": {
						"0.0": "#00FFFFFF",
						"0.5": "#ffffffff",
						"1.0": "#00FFFFFF"
					}
				}
			}
		}
	}
}
